{"cameraMode":{"drawMode":0,"name":"Shaded","section":"Shading Mode"},"sceneLighting":true,"audioPlay":false,"sceneViewState":{"m_AlwaysRefresh":false,"showFog":true,"showSkybox":true,"showFlares":true,"showImageEffects":true,"showParticleSystems":true,"showVisualEffectGraphs":true,"m_FxEnabled":true},"in2DMode":false,"pivot":{"x":6.837717533111572,"y":-0.3780531585216522,"z":5.6172404289245609},"rotation":{"x":0.6903756260871887,"y":0.0032489532604813577,"z":-0.003114529652521014,"w":0.7234632968902588},"size":11.960988998413086,"orthographic":false}